{"cameraMode":{"drawMode":0,"name":"Shaded","section":"Shading Mode"},"sceneLighting":true,"audioPlay":false,"sceneViewState":{"m_AlwaysRefresh":false,"showFog":true,"showSkybox":true,"showFlares":true,"showImageEffects":true,"showParticleSystems":true,"showVisualEffectGraphs":true,"m_FxEnabled":true},"in2DMode":false,"pivot":{"x":-1.0479769706726075,"y":4.2594990730285648,"z":-2.231691360473633},"rotation":{"x":0.1437283456325531,"y":-0.03364009037613869,"z":0.004934988915920258,"w":0.9890608787536621},"size":2.657526731491089,"orthographic":false}